INSERT INTO `groups` (`id`, `parent_id`, `name`, `affects_gross`) VALUES(1, 0, 'Assets', 0);
INSERT INTO `groups` (`id`, `parent_id`, `name`, `affects_gross`) VALUES(2, 0, 'Liabilities and Owners Equity', 0);
INSERT INTO `groups` (`id`, `parent_id`, `name`, `affects_gross`) VALUES(3, 0, 'Incomes', 0);
INSERT INTO `groups` (`id`, `parent_id`, `name`, `affects_gross`) VALUES(4, 0, 'Expenses', 0);
INSERT INTO `groups` (`id`, `parent_id`, `name`, `affects_gross`) VALUES(5, 1, 'Fixed Assets', 0);
INSERT INTO `groups` (`id`, `parent_id`, `name`, `affects_gross`) VALUES(7, 1, 'Investments', 0);
INSERT INTO `groups` (`id`, `parent_id`, `name`, `affects_gross`) VALUES(8, 2, 'Capital Stock', 0);
INSERT INTO `groups` (`id`, `parent_id`, `name`, `affects_gross`) VALUES(10, 2, 'Loans (Liabilities)', 0);
INSERT INTO `groups` (`id`, `parent_id`, `name`, `affects_gross`) VALUES(12, 4, 'Purchases', 1);
INSERT INTO `groups` (`id`, `parent_id`, `name`, `affects_gross`) VALUES(14, 4, 'Indirect Expenses', 0);
INSERT INTO `groups` (`id`, `parent_id`, `name`, `affects_gross`) VALUES(15, 3, 'Sales', 1);
INSERT INTO `groups` (`id`, `parent_id`, `name`, `affects_gross`) VALUES(17, 4, 'Manufacturing & Trading Expenses', 1);
INSERT INTO `groups` (`id`, `parent_id`, `name`, `affects_gross`) VALUES(18, 4, 'Administrative Expenses', 0);
INSERT INTO `groups` (`id`, `parent_id`, `name`, `affects_gross`) VALUES(19, 4, 'Selling & Distribution Expenses', 0);
INSERT INTO `groups` (`id`, `parent_id`, `name`, `affects_gross`) VALUES(20, 4, 'Financial Expenses', 0);
INSERT INTO `groups` (`id`, `parent_id`, `name`, `affects_gross`) VALUES(22, 1, 'Current Assets', 0);
INSERT INTO `groups` (`id`, `parent_id`, `name`, `affects_gross`) VALUES(23, 22, 'Trade Debts', 0);
INSERT INTO `groups` (`id`, `parent_id`, `name`, `affects_gross`) VALUES(24, 2, 'Current Liabilities', 0);
INSERT INTO `groups` (`id`, `parent_id`, `name`, `affects_gross`) VALUES(25, 24, 'Trade Creditors', 0);
INSERT INTO entry_types (id, label, name, description, base_type, numbering, prefix, suffix, zero_padding, bank_cash_ledger_restriction) VALUES (1, 'receipt', 'Receipt', 'Received in Bank account or Cash account', 1, 1, '', '', 0, 2);
INSERT INTO entry_types (id, label, name, description, base_type, numbering, prefix, suffix, zero_padding, bank_cash_ledger_restriction) VALUES (2, 'payment', 'Payment', 'Payment made from Bank account or Cash account', 1, 1, '', '', 0, 3);
INSERT INTO entry_types (id, label, name, description, base_type, numbering, prefix, suffix, zero_padding, bank_cash_ledger_restriction) VALUES (3, 'contra', 'Contra', 'Transfer between Bank account and Cash account', 1, 1, '', '', 0, 4);
INSERT INTO entry_types (id, label, name, description, base_type, numbering, prefix, suffix, zero_padding, bank_cash_ledger_restriction) VALUES (4, 'journal', 'Journal', 'Transfer between Non Bank account and Cash account', 1, 1, '', '', 0, 5);
INSERT INTO `ledgers` (`id`, `group_id`, `name`, `op_balance`, `op_balance_dc`, `type`, `reconciliation`) VALUES(1, 12, 'Dyes & Chemicals', 0.00, 'D', 0, 0);
INSERT INTO `ledgers` (`id`, `group_id`, `name`, `op_balance`, `op_balance_dc`, `type`, `reconciliation`) VALUES(2, 17, 'Electric Power', 0.00, 'D', 0, 0);
INSERT INTO `ledgers` (`id`, `group_id`, `name`, `op_balance`, `op_balance_dc`, `type`, `reconciliation`) VALUES(3, 17, 'Sui Gas', 0.00, 'D', 0, 0);
INSERT INTO `ledgers` (`id`, `group_id`, `name`, `op_balance`, `op_balance_dc`, `type`, `reconciliation`) VALUES(4, 17, 'Oil & Fuel', 0.00, 'D', 0, 0);
INSERT INTO `ledgers` (`id`, `group_id`, `name`, `op_balance`, `op_balance_dc`, `type`, `reconciliation`) VALUES(5, 17, 'Stores & Spares', 0.00, 'D', 0, 0);
INSERT INTO `ledgers` (`id`, `group_id`, `name`, `op_balance`, `op_balance_dc`, `type`, `reconciliation`) VALUES(6, 17, 'Lubricants', 0.00, 'D', 0, 0);
INSERT INTO `ledgers` (`id`, `group_id`, `name`, `op_balance`, `op_balance_dc`, `type`, `reconciliation`) VALUES(7, 17, 'Workers Wages', 0.00, 'D', 0, 0);
INSERT INTO `ledgers` (`id`, `group_id`, `name`, `op_balance`, `op_balance_dc`, `type`, `reconciliation`) VALUES(8, 14, 'Carriage Inward', 0.00, 'D', 0, 0);
INSERT INTO `ledgers` (`id`, `group_id`, `name`, `op_balance`, `op_balance_dc`, `type`, `reconciliation`) VALUES(9, 18, 'Printing & stationery', 0.00, 'D', 0, 0);
INSERT INTO `ledgers` (`id`, `group_id`, `name`, `op_balance`, `op_balance_dc`, `type`, `reconciliation`) VALUES(10, 18, 'Electricity', 0.00, 'D', 0, 0);
INSERT INTO `ledgers` (`id`, `group_id`, `name`, `op_balance`, `op_balance_dc`, `type`, `reconciliation`) VALUES(11, 18, 'Telephone & Communication', 0.00, 'D', 0, 0);
INSERT INTO `ledgers` (`id`, `group_id`, `name`, `op_balance`, `op_balance_dc`, `type`, `reconciliation`) VALUES(12, 18, 'Staff Salaries', 0.00, 'D', 0, 0);
INSERT INTO `ledgers` (`id`, `group_id`, `name`, `op_balance`, `op_balance_dc`, `type`, `reconciliation`) VALUES(13, 18, 'Travelling & Conveyance', 0.00, 'D', 0, 0);
INSERT INTO `ledgers` (`id`, `group_id`, `name`, `op_balance`, `op_balance_dc`, `type`, `reconciliation`) VALUES(14, 18, 'Machinery & Motor Vehicle Repair', 0.00, 'D', 0, 0);
INSERT INTO `ledgers` (`id`, `group_id`, `name`, `op_balance`, `op_balance_dc`, `type`, `reconciliation`) VALUES(15, 18, 'Electric Repair', 0.00, 'D', 0, 0);
INSERT INTO `ledgers` (`id`, `group_id`, `name`, `op_balance`, `op_balance_dc`, `type`, `reconciliation`) VALUES(16, 18, 'Building Repair', 0.00, 'D', 0, 0);
INSERT INTO `ledgers` (`id`, `group_id`, `name`, `op_balance`, `op_balance_dc`, `type`, `reconciliation`) VALUES(17, 18, 'Employees Benefit Programs', 0.00, 'D', 0, 0);
INSERT INTO `ledgers` (`id`, `group_id`, `name`, `op_balance`, `op_balance_dc`, `type`, `reconciliation`) VALUES(18, 18, 'Water & Sewerage', 0.00, 'D', 0, 0);
INSERT INTO `ledgers` (`id`, `group_id`, `name`, `op_balance`, `op_balance_dc`, `type`, `reconciliation`) VALUES(19, 18, 'Insurance Premium', 0.00, 'D', 0, 0);
INSERT INTO `ledgers` (`id`, `group_id`, `name`, `op_balance`, `op_balance_dc`, `type`, `reconciliation`) VALUES(20, 18, 'Rent, Rates & Taxes', 0.00, 'D', 0, 0);
INSERT INTO `ledgers` (`id`, `group_id`, `name`, `op_balance`, `op_balance_dc`, `type`, `reconciliation`) VALUES(21, 18, 'Vehicle Running', 0.00, 'D', 0, 0);
INSERT INTO `ledgers` (`id`, `group_id`, `name`, `op_balance`, `op_balance_dc`, `type`, `reconciliation`) VALUES(22, 18, 'Entertainments', 0.00, 'D', 0, 0);
INSERT INTO `ledgers` (`id`, `group_id`, `name`, `op_balance`, `op_balance_dc`, `type`, `reconciliation`) VALUES(23, 18, 'General & Misc.', 0.00, 'D', 0, 0);
INSERT INTO `ledgers` (`id`, `group_id`, `name`, `op_balance`, `op_balance_dc`, `type`, `reconciliation`) VALUES(24, 19, 'Advertisements', 0.00, 'D', 0, 0);
INSERT INTO `ledgers` (`id`, `group_id`, `name`, `op_balance`, `op_balance_dc`, `type`, `reconciliation`) VALUES(25, 19, 'Carriage Outward', 0.00, 'D', 0, 0);
INSERT INTO `ledgers` (`id`, `group_id`, `name`, `op_balance`, `op_balance_dc`, `type`, `reconciliation`) VALUES(26, 20, 'Bank Charges', 0.00, 'D', 0, 0);
INSERT INTO `ledgers` (`id`, `group_id`, `name`, `op_balance`, `op_balance_dc`, `type`, `reconciliation`) VALUES(27, 15, 'Processing Receipts', 0.00, 'D', 0, 0);
INSERT INTO `ledgers` (`id`, `group_id`, `name`, `op_balance`, `op_balance_dc`, `type`, `reconciliation`) VALUES(28, 5, 'Land & Building', 0.00, 'D', 0, 0);
INSERT INTO `ledgers` (`id`, `group_id`, `name`, `op_balance`, `op_balance_dc`, `type`, `reconciliation`) VALUES(29, 5, 'Plant & Machinery', 0.00, 'D', 0, 0);
INSERT INTO `ledgers` (`id`, `group_id`, `name`, `op_balance`, `op_balance_dc`, `type`, `reconciliation`) VALUES(30, 5, 'Gas Fittings', 0.00, 'D', 0, 0);
INSERT INTO `ledgers` (`id`, `group_id`, `name`, `op_balance`, `op_balance_dc`, `type`, `reconciliation`) VALUES(31, 5, 'Electric Fittings', 0.00, 'D', 0, 0);
INSERT INTO `ledgers` (`id`, `group_id`, `name`, `op_balance`, `op_balance_dc`, `type`, `reconciliation`) VALUES(32, 5, 'Office Equipment', 0.00, 'D', 0, 0);
INSERT INTO `ledgers` (`id`, `group_id`, `name`, `op_balance`, `op_balance_dc`, `type`, `reconciliation`) VALUES(33, 5, 'Furniture & Fixture', 0.00, 'D', 0, 0);
INSERT INTO `ledgers` (`id`, `group_id`, `name`, `op_balance`, `op_balance_dc`, `type`, `reconciliation`) VALUES(34, 5, 'Motor Vehicles', 0.00, 'D', 0, 0);
INSERT INTO `ledgers` (`id`, `group_id`, `name`, `op_balance`, `op_balance_dc`, `type`, `reconciliation`) VALUES(35, 7, 'Bank Guarantee Margin', 0.00, 'D', 0, 0);
INSERT INTO `ledgers` (`id`, `group_id`, `name`, `op_balance`, `op_balance_dc`, `type`, `reconciliation`) VALUES(36, 7, 'Securities', 0.00, 'D', 0, 0);
INSERT INTO `ledgers` (`id`, `group_id`, `name`, `op_balance`, `op_balance_dc`, `type`, `reconciliation`) VALUES(37, 22, 'Stock In Trade', 0.00, 'D', 0, 0);
INSERT INTO `ledgers` (`id`, `group_id`, `name`, `op_balance`, `op_balance_dc`, `type`, `reconciliation`) VALUES(39, 22, 'Advances & Prepayments', 0.00, 'D', 0, 0);
INSERT INTO `ledgers` (`id`, `group_id`, `name`, `op_balance`, `op_balance_dc`, `type`, `reconciliation`) VALUES(40, 22, 'Taxes', 0.00, 'D', 0, 0);
INSERT INTO `ledgers` (`id`, `group_id`, `name`, `op_balance`, `op_balance_dc`, `type`, `reconciliation`) VALUES(41, 22, 'Bank Alfalah Limited', 0.00, 'D', 1, 1);
INSERT INTO `ledgers` (`id`, `group_id`, `name`, `op_balance`, `op_balance_dc`, `type`, `reconciliation`) VALUES(42, 22, 'Cash Account', 0.00, 'D', 1, 0);
INSERT INTO `ledgers` (`id`, `group_id`, `name`, `op_balance`, `op_balance_dc`, `type`, `reconciliation`) VALUES(43, 24, 'Accrued Expenses', 0.00, 'D', 0, 0);
